segment,timestamp,original,corrected,category,reason,applied,rejected_because
S31,02:53,cicd,CI/CD,acronym,standard acronym for continuous integration/continuous delivery,True,
S31,02:53,kubcon,KubeCon,term,missed hearing of the conference name,True,
S121,10:04,VS code,VS Code,term,Proper product name capitalization,True,
S122,10:06,VS code,VS Code,term,Proper product name capitalization,True,
S123,10:17,VS code,VS Code,term,Proper product name capitalization,True,
S124,10:23,VS code,VS Code,term,Proper product name capitalization,False,original text not found in the segment
S125,10:28,VS code,VS Code,term,Proper product name capitalization,False,original text not found in the segment
S185,18:23,Semgrip,Semgrep,name,Correct spelling of the tool name,True,
S185,18:23,Browserker,Berserker,name,Correct product name,True,
S188,18:55,Semgrep,Semgrep,name,Ensuring consistent correct spelling,False,no change
S200,20:31,CI CD,CI/CD,acronym,standard CI/CD abbreviation,True,
S201,20:40,CI CD,CI/CD,acronym,standard CI/CD abbreviation,True,
S229,24:01,CloudBeats,CloudBees,name,correct product name,True,
S292,28:50,GitLab pings,GitLab pipelines,term,mis-heard technical term,True,
